GEOG,TOT_POP,UND19,A20_34,A35_49,A50_64,A65_74,A75_84,OV85,POP_25OV,MED_AGE,WHITE,HISP,BLACK,ASIAN,OTHER,IN_LBFRC,EMP,UNEMP,NOT_IN_LBFRC,WORK_AT_HOME,TOT_COMM,DROVE_AL,CARPOOL,TRANSIT,WALK_BIKE,COMM_OTHER,AGG_TT,NO_VEH,ONE_VEH,TWO_VEH,THREEOM_VEH,LT_HS,HS,SOME_COLL,ASSOC,BACH,GRAD_PROF,INC_LT_25K,INC_25_50K,INC_50_75K,INC_75_100K,INC_100_150K,INC_GT_150,MEDINC,CT_1PHH,CT_2PHH,CT_3PHH,CT_4MPHH,HU_TOT
Albany Park,50342.99998,12924.99999,12891.99999,11619.99999,8083.999996,2716.999999,1491.999999,612.9999997,33611.99998,34.300953,16126.99999,22985.99999,2501.999998,7202.999996,1524.999999,27977.99998,26352.99998,1570.999999,11815.99999,1060,24865.99998,13287.99999,2063.999998,7723.999996,1530.999999,258.9999997,302784.9997,3373.999997,7848.999994,4077.999999,1376.999999,7196.999997,8191.999996,4568.999997,1824.999999,7768.999996,4059.999998,3319.000001,3668.000001,3056.000001,2124.000001,2522.000001,1989.000001,59883.04094,4227.000001,4495.000001,3088.000001,4868.000002,18447
Archer Heights,13055.08151,4180.292247,2753.61829,2815.956263,1672.978132,985.0516899,400.1848906,247.0000002,7987.638172,32.65470175,2130.751491,10109.73559,122.8409542,647.9125252,43.84095428,6331.047113,5809.924449,521.1226643,3277.749796,109.5857026,5514.716488,3633.225019,528.8911451,1045.22177,260.5125913,46.86596265,0,603.0379756,1605.042196,1147.552745,574.3586505,2263.838967,2989.584493,1330.580517,298.2842943,857.0656066,248.2842943,880.7544638,1309.053571,736.9017855,338.9598213,517.5446427,146.7723214,44108.84007,921.5937495,853.7410708,622.0758928,1532.575892,4358.100203
Armour Square,13779.1184,2542.40801,2788.930936,2297.106212,2520.154383,1922.259432,1163.746373,544.5130587,10443.91179,45.73847873,1694.669183,595.5206042,1393.301799,10027.62682,68.00000001,6469.138782,5766.881268,702.2575145,5427.680153,98.79109472,5496.318373,1974.053434,1094.43451,1157.672729,1168.964751,101.19295,94440.00009,2322.845613,2272.54087,735.2966705,135.6044401,3849.277425,2933.86071,936.1828212,359.8670923,1534.230993,830.4927456,2595.683487,1180.591744,616.9449544,346.1559634,490.6146791,237.9128441,27463.83031,1772.564221,1784.701836,809.587156,1101.050459,5822.586737
Ashburn,43985.99999,12981,8464.999998,9192.999998,8529.999996,3057,1147,613.0000005,27546.99999,35.90115321,4423.999999,17303,20913.99999,370.0000001,975.0000001,22511,19862,2649,10786,383.0000002,18809,13674,2205,2731,40.99999989,158.0000002,68370.00014,964.9999997,4194.999991,5030.999991,2888.999999,4229.999999,8655.999997,6269,2739.999998,3596.999999,2054.999999,2049,2343,2911,2091.999998,2298.000001,1387,68463.735,2539,3210.000001,2528,4803,13728.00001
Auburn Gresham,45271.00001,11183,8665.000001,7891,9595.000003,3860.000001,3204,873.0000003,31178.00001,40.78042825,362.0000001,835.9999999,43529.00001,120,424.0000001,20074.00001,16299.00001,3769.000001,16418.00001,752.0000005,15215.00001,9765.000005,1291.000001,3904.000004,78.00000013,177.0000001,0,5118.999997,7261.999996,3714.999999,870.9999999,4925.000001,9742.000001,9530.000003,2382,2974.000001,1625,6602.999996,4311.999997,2877.999998,1388.999998,1236.999999,547.9999993,34661.2265,6218.999995,4775.999996,2562.999998,3408.999998,20726
Austin,94762.00002,25491,21226,17324,17887,7822.000002,3920.000001,1092,61675.00001,35.54578333,4562.999998,13617,74996.00001,500.0000002,1086,41841.00002,36165.00001,5676.000003,32410.00002,1104,34302.00001,20078,2475.000001,10295.00001,897.0000011,556.9999999,125754.9999,10587.99999,12603.99998,6552.999991,2476.999997,12477,21745.00001,14319,4409.000001,5617.000001,3108,12629,8152.999999,4699.000001,2520,3019,1202,33419.90397,10585,8388,5477,7772.000001,37705
Avalon Park,9737.719124,2217.815512,1546.660391,1592.811747,2228.753012,957.6596381,889.7710844,304.2477409,6860.918673,45.39936491,61.66566266,55.00000004,9368.527106,80.00000003,172.5263555,4237.292519,3546.562082,690.7304377,3950.833917,184.166513,3232.840471,2298.087506,340.845508,548.9637733,8.000000008,36.94368334,0,840.8781637,1762.310007,923.8918347,360.6123834,892.7432226,1799.090361,1916.341114,424.7989456,1159.0625,668.88253,1132.676413,972.0565307,725.5808969,380.8460035,441.88499,230.8128657,43372.9383,1610.699805,1171.996102,365.4035089,735.7582844,4504.305031
Avondale,37908.99999,8748.999997,12371,8155.999998,4962.999999,2282.999999,978.9999994,407.9999997,26441.99999,32.78624003,13175,21652.99999,742.9999999,1417.999999,919.9999997,21829,20782,1046.999999,8762.999999,1043,19447,9845.999999,2061,6166,1010,363.9999996,186824.9996,2623.999996,6393.999992,3436.999995,932.999999,5699.999999,5828.999998,4137.999999,1474,6039.999997,3260.999999,2553.999999,3092.999998,2456.999998,1757.999999,1930.999999,1595,60000,3489.999998,4217.999998,2631.999999,3047.999998,15266
Belmont Cragin,80648.43439,24495.47357,17002.3342,18380.59261,13768.63623,4477.382625,1912.582255,611.4329019,50655.68392,34.03640362,10390.12976,66123.07801,1890.69464,1458.120887,786.4110908,41366.92469,38393.31327,2954.611421,19972.73815,685.6673193,36970.79059,24104.28509,4714.338558,5683.65677,1452.059815,1016.450354,428929.9992,3094.698562,8549.194567,7189.073359,3634.582933,16612.35083,16239.61775,8238.886137,2874.899445,4727.026987,1962.902773,5171.814434,5907.323024,4388.814434,2860.342498,2922.090493,1218.970218,50767.45194,4399.592211,4923.020619,3826.209623,9320.532648,24658.09904
Beverly,20437.00001,5158.000002,2830.000001,4144.000001,4992.000001,2102.000001,862.0000002,349.0000002,14244,43.16004673,11595,1096.000001,7136.000001,190,420.0000002,10691.00001,10227.00001,464.0000005,5396.000007,460.0000006,9496.000011,6666.000007,578.0000007,1978.000003,188.0000003,86.00000003,101775.0002,293.9999993,2825.999995,3169.999997,1266.999998,529.0000002,1896,2600.000001,1233,4000.000001,3986.000001,611.0000001,1087,994,1160,1298,2407,98415.94828,2018,2510,1300,1729,8043
Bridgeport,33827.8816,6830.591991,8846.069065,6963.893789,6881.845618,2501.740568,1250.253628,553.4869413,24921.08822,37.27924499,11297.33082,7923.479397,872.6982004,13309.37319,425.0000001,18689.86122,17163.11873,1526.742485,9516.319848,455.2089052,16479.68163,8090.946564,2590.56549,4116.327272,1463.03525,218.80705,373064.9999,2789.154392,5900.459137,3314.703333,858.3955607,5039.722576,6469.139291,4235.817179,1262.132907,5075.769007,2838.507255,3267.316513,3101.408256,2248.055046,1410.844037,1480.385321,1353.087156,50579.58519,3696.435778,3926.298165,2377.412844,2860.949541,13933.41326
Brighton Park,45031,14450,10922,9051.999999,6720,2370.000001,1111,405.9999999,26962,30.95740164,3077,37432,507.0000001,3619.000001,395.9999998,21188.99999,19019,2160,12193,223.0000001,18374.99999,10223,3128.999999,4097.999999,775.9999998,149,148629.9997,2057.999995,5071.999989,3766.99999,1594.999997,10034,9707.999999,3353,1217,1982,668,3271.000001,4171,2353,1242,918.0000001,537.0000001,41176.47059,2005,2630,2274,5583.000001,14079.00001
Burnside,2336.000001,348.0000002,539.0000003,357.0000002,451.0000002,361.0000002,242.0000001,38,1747.000001,45.30864197,10,37,2265.000001,0,24,1130.000002,882.0000018,248.0000005,919.0000018,12.00000002,834.0000017,500.000001,132.0000003,202.0000004,0,0,0,407.9999992,399.9999992,165.9999997,71.99999986,253.0000001,686.0000004,459.0000002,115,109.0000001,125.0000001,515.9999995,268.9999997,62.99999994,73.99999993,123.9999999,0,25460.52632,533.9999995,233.9999998,128.9999999,148.9999999,1323.999997
Calumet Heights,12956,2145,2215,2432,3163,1326,1270,405,9850,48.45014808,172,458.0000003,12235,15,75.99999996,6350.000023,5683.000021,667.0000022,5067.000018,227.0000007,5361.00002,3167.000012,456.000002,1594.000006,85.00000029,59.00000013,0,1108,2356.999998,1306,476.9999993,1116,2438,2898,879.9999998,1753,765.0000001,1290,1396,912.0000003,564.9999998,700.0000001,385.0000001,48966.66667,1927.000001,1815,722,784,6055.000002
Chatham,30700.28088,7167.18449,5514.339609,5494.188254,7461.24699,2759.340362,1459.228917,844.7522592,21742.08133,41.78287944,601.3343372,386.0000001,29254.4729,182.0000002,276.4736447,14521.70747,12180.43791,2341.269562,10145.16607,576.8334864,11191.15952,6211.912489,907.1544919,3589.036226,303.0000002,180.0563168,0,4860.121835,5847.689988,2372.108162,609.3876146,2800.256778,6138.90964,6425.658887,1662.201054,2873.9375,1841.117471,5595.32359,3217.943472,2260.419105,1381.153997,858.1150105,380.1871347,31828.18516,6478.300199,3489.003901,2047.596493,1678.241716,16686.69497
Chicago Lawn,52003.00001,15715,12505,9960.000001,8119.000001,3689,1565,450,32041,32.13001294,1822,26016,23169.00001,152,843.9999999,25053,19505,5540.000002,14434,357.0000002,18304,11187,2506.999999,3988.000001,514.9999999,107.0000001,72844.99985,4613.000002,6029.999999,3772.999996,1874.999999,8130,13228,6334.000002,1778,1973,598.0000001,6151.999999,4938,2510,1285,1027,379.0000002,33486.17512,4757,3642,2570,5322,19174
Clearing,25735,6943,5605.999999,5226,4697,1880,901.9999998,480.9999999,17459,35.82087629,9980.999998,14840,416.0000001,140.9999998,356.9999999,13179.00001,11975.00001,1204.000001,6609.000005,121,11564.00001,8187.000006,878,1894.000002,490.000001,115.0000001,0,920.0000026,3555.000013,3276.000012,1129.000005,2758,6601.999999,3676.000001,1433,2099.000001,891.0000001,1425,2131.000001,1918,1384,1280.000001,742.0000001,61524.76108,2357.000001,2545.000001,1163,2815.000002,9271.000001
Douglas,21268,4639.999999,6863.999999,3491,3169.999999,1705,840.0000001,558.0000001,14257,31.98126301,2399.000001,723.0000003,14508,3025,613.0000001,9693.999998,8350.999998,1343,8310.999997,412.9999997,7548.999999,3208.999999,494.9999999,2807,875.9999995,162,0,3815.999997,4497.999997,1110.999999,199.9999999,1627,2560,2965.999999,815,3525,2764,4256.999999,2075,1368,737.0000001,679,509.0000002,31509.17432,5227,2504,1052,841.9999999,10896
Dunning,44034.99996,10217.99999,8408.999994,8899.999993,8828.999994,4573.999997,2186.999999,917.9999995,31683.99998,41.13136943,27158.99998,13103.99999,988.9999995,2532.999997,249.9999997,23770.99998,22684.99998,1014,12175.99999,361.9999997,22069.99998,16798.99998,2159.999997,2217.999998,455.9999997,436.9999996,141350.0006,1246,5745.999999,6282.999999,2408,3561.999998,10127.99999,7046.999995,2478.999999,5608.999996,2858.999998,2635.999999,2969.999998,2740.999998,2532.999999,3095.999998,1706.999999,70243.09912,4085.999997,4877.999997,2598.999999,4119.999998,16710
East Garfield Park,19730.99942,6670.991714,4692.152755,3402.820606,3143.77324,1074.568976,574.7631739,171.9289521,11366.90764,29.61519338,1174.000001,701.5405568,17303.45886,125,427.0000002,6973.428067,5693.043816,1280.384252,7206.0823,200.9526348,5448.091181,2405.289522,332.9100061,2286.11427,279.9242156,143.8531676,24725,3157.287693,2575.705371,775.9878676,211.9722704,2386.54115,3842.844289,2483.948492,842.914743,1182.68739,627.9715812,3550.331024,1487.764299,715.9168116,417.9705377,387.9792032,160.9913347,22817.61749,2473.559793,1444.740036,1173.88215,1628.771232,8346.026026
East Side,24194.41614,8149.510496,5032.383176,4255.36428,4184.543009,1454.568589,769.9818886,348.0647017,14223.45816,31.52554065,3524.225859,19772.80265,802.6380224,46.86595915,47.88365014,10859.99482,9214.427869,1610.705292,6985.890688,158.965409,8992.415161,6618.342486,987.8230432,1066.700621,299.5792786,19.96973273,0,885.293892,2538.883747,2286.107544,1187.497794,4270.51674,5065.228564,2530.457768,686.9422705,1267.046257,403.2665628,1534.613649,2133.794842,1146.717101,1016.40291,791.0343856,274.7140554,45700.93911,1289.301286,1426.350041,1263.609287,2918.016329,7896.419385
Edgewater,57022,8112,17065,12563,10756,4962,2329,1235,44989.00001,38.49183075,31379,8760.000002,7689,7321,1873,35265.00001,33235.00001,2030,15912,2345.000001,30442.00001,11558,1576,14211,2430.000001,667.0000004,254809.9999,11007,13352,3798,723,4283.000001,6593.000002,6555.000001,2183,14380,10995,7313,6423.000001,4919,2995,3481,3749.000001,53182.64015,14835,9260.000001,2512,2273,32639.00001
Edison Park,11566.8755,2716.585374,2169.487936,2834.101865,2142.41019,858.5909771,638.4316238,207.2675374,8432.741418,40.73724957,9616.489757,1157.224347,223.0000002,285.2815616,284.8798376,6661.183673,6527.386321,133.7973517,2451.031305,295.7292408,6080.558429,4903.370334,179.0372701,741.6441338,173.1335254,83.37316571,0,286.4892187,1588.583201,1981.345415,719.8582608,382.388484,1725.129076,1614.759489,523.6798226,2457.409175,1729.375371,436.3916402,608.5400197,540.7267811,678.5640811,838.5413843,1473.084447,101213.0685,1358.583965,1442.135523,679.1359083,1095.992957,4880.806195
Englewood,23792,6851.999999,5416,3410,4823.000001,1838.000001,1068,385.0000002,15085,33.82945249,172.0000001,1025,22392,75.99999996,126.9999999,9049.999999,6625.999999,2423.999999,8991.999999,239.0000001,6119.999999,2974.999999,274,2627,132.9999999,111,14364.99996,4568.999988,3214.999991,1054.999997,261.9999993,3549.000001,5332.000001,4102,846.0000001,903.0000001,353,5157.000001,2194.000001,858,392.0000002,374.9999998,125,21274.57002,3990.000001,2090.000001,1245,1776,14098.00001
Forest Glen,19112.72496,4865.824346,2723.620955,4075.290447,3911.494607,1787.378275,1247.01926,502.0970725,13611.92989,42.95340384,13281.26965,2870.698767,215.0000001,2336.659476,409.0970726,10030.66807,9633.307937,397.3601378,4928.578511,379.5842232,9078.683698,6586.891013,975.7602904,1304.880336,157.1520581,54.00000012,0,287.3174601,2469.643991,3083.965985,1150.471655,862.4884436,2184.025423,2214.29738,576.1163327,4312.171033,3462.83128,790.7432436,895.6531535,756.9594598,752.3378381,1147.306306,2647.828829,111770.6373,1692.261262,2180.725225,1139.193694,1978.648649,7249.916135
Fuller Park,2398.903029,409.8634606,433.2583405,337.8456173,546.2792872,456.0480998,152.6082236,63.00000007,1793.73856,50.52317462,85.14274674,159.2552368,2137.966643,12.49340585,4.044996157,877.9143484,619.3532549,258.5610935,1166.192596,4.197677253,593.8841042,301.5081058,53.44931053,221.0902493,17.16573919,0.67069926,0,607.5549232,305.7271429,149.9404672,29.10489009,433.782778,740.2971305,285.6082238,133.2769591,142.9635379,57.8099303,614.3157901,260.3157898,117.263158,26.05263155,76.26315799,2.36842101,22920.25862,538.2105267,299.1578951,132.9473686,126.2631579,1536.065709
Gage Park,39302,13727,9768.000001,7652,4978.000001,2195.000001,726,256,22400,28.60855868,1502,36072,1503,206,19,18466.99997,16139.99998,2318.999996,9848.999984,214.9999994,15357.99998,8629.999985,3055.999995,2905.999998,736.9999984,28.99999994,161804.9999,1614.000001,3338.000002,3106.000004,1742.000002,7932,9023.000001,2990,998.0000002,1122,335.0000002,2736.999999,3076.999999,1918.999999,968.9999996,803.9999998,293.9999998,41182.00837,1712.999999,1555.999999,1658,4872.999998,10755
Garfield Ridge,36395.99999,9337.999997,6468.999998,7413.999999,7527.999999,3123,1711,812.9999999,25350,39.06218145,15662,18302,1657.999999,421.9999996,352,18510.99999,17068.99999,1441.999999,10271.99999,294.9999998,16333.99999,12459.99999,1633.999999,1887.999998,303.9999998,48.00000002,172269.9995,1094.000004,4089.000016,5094.000024,1976.000009,4305.999998,8219.999998,5430,2010,3716,1668,1899,2418.000001,2107.000001,1596,2145.000001,2064,71398.37083,3026.000001,3733.000001,1689.000001,3781.000001,12920
Grand Boulevard,22784,6209.999999,4421.999998,5157.999999,3730.999999,1883,1029,350.9999999,15076,36.93581253,615,402.9999999,21090,160,515.9999998,10936,9267.999999,1655.999999,6650.999999,491.9999998,8426.999999,4378.999999,642.9999998,2845,355,205,0,3982.000005,4554.000006,1437.000003,410.0000003,2186,3049.999999,3755.999999,1363.999999,2672.999999,2047,4448.999996,2132.999998,1299,752.9999998,820.9999996,927.9999996,32348.13085,5114.999996,2419.999998,1438.999999,1408.999999,12391
Greater Grand Crossing,30804.99999,8097.999996,7222.999997,5106.999998,6258.999998,2269,1107,741.9999998,20700.99999,35.24969363,340,373.9999996,29625.99999,0,464.9999996,14005.99999,11004,3001.999998,10184.99999,581.0000001,10007,4912.999999,827.9999999,4020.999999,168.9999997,75.99999996,137075.0001,5006.999998,5047.999998,1599.999999,574.9999995,2777.999999,5813.999998,7017.999998,1536.999999,2202,1352,5842.000001,2775.000001,1653.000001,1061.000001,588.0000003,311.0000002,26955.5874,4872.000002,3549.000001,1972.000001,1837.000001,15668
Hegewisch,9240.583857,2338.489503,1602.616824,1684.63572,2297.45699,651.4314111,501.0181112,164.9352983,6304.541836,40.5159,3614.77414,5144.197348,460.3619778,0.134040869,21.11634983,4316.005187,3988.572137,327.2947098,3231.109316,59.03459113,3819.584845,2980.657519,278.1769578,376.2993801,145.4207215,39.03026721,0,406.7061031,1110.116241,1622.892438,326.5022035,773.4832597,2492.771437,1452.542232,570.0577291,644.953742,370.7334372,986.3863507,718.2051578,529.2828992,366.5970899,616.9656147,249.2859447,51565.99913,1110.698714,1124.649959,371.3907132,859.9836707,3964.580611
Hermosa,23489.00001,6365.000001,5803.000002,4597.000001,4266.000001,1473,764.0000005,221,15074,33.91019043,2366,19619.00001,754.9999999,496.9999999,251.9999998,12332,11562,770.0000003,6018.000003,331.0000001,11081,6961.000002,1154.000001,2195.000001,526.0000004,244.9999999,156425.0001,1100.000001,2725.000001,2268.000001,923.0000002,5411.000002,3869.000001,2504,839.0000001,1629,821.9999999,1880.999999,2086.999999,1059.999999,832.9999999,715.9999997,438.9999998,43009.11854,1466.999999,1997.999999,935.9999997,2614.999999,7848.999999
Humboldt Park,56161.99999,17802,13675,11215,8454.999999,2975.999999,1541,498,33625,31.15402038,4009,32076,18559,485.0000001,1033,26741.00001,23561.00001,3180.000001,14656.00001,645.0000003,22439.00001,12422.00001,2826.000002,5623.000002,1080.000001,488.0000007,57709.99992,4285.999994,7787.999994,3667.999996,1398.999998,9569.999999,9238.999999,7199,1967,3914.999999,1735,5763.000001,4837,2614,1826,1431.000001,670.0000005,38592.71523,4108.000001,4303.000001,2779.000001,5951,19756
Hyde Park,27517,5276,10286,4058,4049,2337,1066,445.0000001,17470,31.13646101,13099,2343,7386,3324,1365,15537,14543,985.0000003,9154.000003,1123,12961,3548.000001,510.0000001,3817.000001,4941.000002,145,100460.0001,5004.999998,6275.999997,1576,186,565,1143,2016,644,4327,8775.000001,3763.000001,2335,2130,1554,1222,2039.000001,54139.78495,6917.000001,3530.000001,1417,1179,14470
Irving Park,53665.00002,11741,13919,12565,10010,3236.000001,1643.000001,551.0000001,38603.00001,36.21076002,23040.00001,22643.00001,1633.000001,4417.000001,1932.000001,31410,30041,1329,12434,1884.000001,27729,15443,2547.999998,8160,1310.999999,267.0000003,302059.9999,3026.000004,9492.000008,6253.000007,1639.000002,5438.000001,8309.000004,6704.000001,2543.000001,10066,5543.000001,2985.000001,4692.000001,3996,2412,3004.000001,3321.000001,64598.48843,6170.000001,6174.000001,3761,4305.000001,22776
Jefferson Park,27989.00001,6145.000001,5735.000001,5660.000001,6066.000002,2461.000001,1354,568.0000002,20540,39.75810081,17159,6910.000001,306.9999999,2894,718.9999997,15438.00002,14708.00002,730.0000008,7448.000007,382.0000008,13833.00002,9456.00001,1228.000001,2880.000005,209.0000004,60.00000017,181455,1260.000001,4182.000005,3680.000005,1393.000003,2148,5248.000001,4111.000001,1555,4936.000001,2542.000001,1706,1706,1776,1648,2002,1677,76054.30826,3077,3187.999999,1595,2655,11281.00001
Kenwood,17440,3321,4785,3204,3140,1721,905.0000001,364,12916,37.5647452,3185,450,11744,1386,675.0000001,9277.999997,8443.999998,833.9999995,5393.999999,484.9999999,7767.999998,4101.999998,328.9999998,2604,618.9999999,113.9999998,75850.00008,2979.000002,4729.000002,1296,304.0000001,1033,1526,2065,828,3384,4080,3176.000001,1531,1333,861.9999999,1046,1360,49161.3924,5076.000001,2473,1040,719,10611
Lake View,100547,12125,49269,20067,11077,4797.999999,2342,868.9999999,75818.99999,31.27204157,78804.99999,8167.999998,3618,6829,3127,75520.00002,73297.00002,2211,13847,4936.000001,67486.00002,20865.00001,2644.000001,37275.00001,5359.000001,1343.000001,549060.0002,18829,24840.00001,7816.000002,1264,1508,4048.999999,6643.999999,2534,36283,24801,6088,7723,8710,6748.000001,9812,13668,89276.45228,25558,17795,4996,4400.000001,57714
Lincoln Park,68696.99999,11928,30454,12008,8221.999998,3854.999999,1711.999999,517.9999999,48665.99999,30.44482876,54317.99999,4074,3136,5109,2060,46617.00002,45281.00002,1336.000001,13013.00001,3055.000001,41593.00002,14604.00001,1743.000001,19791.00001,4116.000002,1339,338170.0008,9703.000003,15705.00001,6051.000008,864.0000013,1034,2643,3093,868.9999998,23171,17856,4148.999999,3252,4230.999999,3412,5767,11512,108874.6823,14777,10702,3425.999999,3418,35371.99999
Lincoln Square,41713,7503,13482,10397,6629.999999,2087,956.9999998,657.0000001,32156,34.89399439,26897,7726,1492,3735.000001,1863,27200.00001,25991.00001,1209,8088.000007,1980,23446.00001,11152.00001,1059.000001,9290.000002,1609.000001,336.0000004,219385.0004,3605.999993,9784.999986,4299.999996,657.9999996,2265,4053,4427,1361,12360,7689.999999,2523,3672,3142.999999,2542,3153,3315.999999,73620.64117,6820.999999,6014.999999,3065,2447.999999,19840
Logan Square,72724.00001,14180,28051.00001,16508,8825.000003,3146.000001,1548,466.0000002,53034.00001,32.19589107,34880,30197.00001,3359.000001,2413.000001,1875,47988.9925,46041.27407,1934.718427,13075.15715,2664.41347,42607.24507,20314.39382,2194.787652,15489.60804,3791.531336,816.9242278,520320.0003,6037.180059,14576.16344,7198.443212,1581.966759,5510.000002,9782.000002,6377.000002,2354.000001,18531,10480,4746,5102.000001,4780.999999,3786,5289,5655.000001,75333.4654,9023,11034,4395,4907.000001,32588.99999
Lower West Side,32788.99999,7105.999999,11129,6476.999999,4763.999999,2069,782.0000002,461.9999999,22660,32.49659957,5902.999998,24275,1151,1088,372,19009.00001,17760.00001,1249.000001,8030.000006,497.0000002,16928.00001,7158.000005,1600.000001,5695.000004,2044.000001,430.9999998,299575,3779.000004,5200.000006,2473.000003,807.0000007,6891,4394.999999,3092,1195,4616.999999,2469.999999,3211.000001,3329,2532,1250,1265,672.0000001,45204.43925,3752.000001,3913.000001,2023,2571,13826
McKinley Park,15920,4039.999999,3943,3447.999999,2796,1125,405.9999999,162,10440,34.90448505,2718,8978.999999,156,3929.999999,137,8347.999997,7507.999997,839.9999996,4190.999999,214.9999999,7072.999998,3693.999999,1008,2024.999999,281.9999999,64,100815,804.0000003,2448.000002,1491.000002,500.0000003,2844,3161.999999,1541,669.9999999,1439,783.9999998,1296.999999,1549.999999,887.9999994,527.9999997,672.9999996,306.9999998,46112.06896,1252.999999,1366.999999,996.9999994,1625.999999,5600.999998
Montclare,13863.56562,3509.526434,3128.665805,2694.407394,2276.363772,1383.617376,611.4177447,259.5670979,9367.316085,36.76123768,4157.870242,8494.921999,415.3053603,456.8791127,338.5889094,6859.07527,6394.686695,436.3885756,4119.261831,162.3326797,6159.209372,4592.714888,557.6614371,733.3432216,121.9401813,153.5496443,0,742.3014323,1663.805416,1503.926629,694.4170627,1932.649168,2852.382257,2072.113865,974.1005541,966.9730134,569.0972277,1262.185565,1203.676975,571.1855666,438.6575027,704.9095069,422.0297821,45316.63462,1280.407787,1291.979381,709.7903775,1320.467353,5097.900967
Morgan Park,21694.36365,5440.524724,3238.354069,4042.599683,4946.009572,2106.049443,1262.736843,658.0893143,14936.74482,43.4714565,5885.205748,923.1658698,14274.47847,23.00000006,588.5135565,10141.72633,8974.604347,1167.107811,7479.616322,461.1747921,8295.3209,6082.165848,636.6188623,1341.318879,176.111017,59.10629336,0,1030.982905,3763.104583,2420.217102,877.2914534,1253.295056,3336.862841,3537.125998,1225.602871,2961.250401,2622.607657,1987.347985,1600.6337,1263.615384,945.2014652,1235.67033,1061.084249,61032.15909,2792.282051,2110.168499,1440.113552,1750.989011,9022.608247
Mount Greenwood,19342.00001,5231.000003,3584.000003,3936.000004,4093.000002,1389.000001,718.0000005,391.0000002,13005.00001,37.96193772,16297.00001,1838.000001,615.0000016,370.0000001,222,9921.00005,9561.000048,360.0000021,5366.000023,257.0000012,9069.000045,7525.000037,512.0000041,695.0000034,216.0000002,121.0000002,135790.0012,312.9999993,2007.999995,3378.999991,1050.999998,563.0000002,3011.000001,3434.000002,901.000001,3166.000003,1930.000002,657.0000001,938.0000001,808.0000001,1038,1700,1610,98422.447,1729,2216,971.9999999,1834,7073.999996
Near North Side,89994.99999,7988.999999,37223.99999,15675,14851,8926.999999,4136,1193,75495.99999,34.92502262,63901.99999,5243.999999,7318.999999,11222,2308,62727.00002,60664.00002,2063,20961,4904.000002,54847.00001,15092,1564,15685,18573.00001,3933.000001,91630.00007,23515,26591,5226.000001,516.0000005,1557,3873.999999,6951.999999,2243,31565,29305,8354.999999,5385,7273.999999,6984.999999,9534.999998,18314,99731.56764,32418.99999,18966,3013,1450,66764
Near South Side,24343.00002,3327.000002,8047.000004,6011.000005,4500.000004,1792.000001,590.0000005,76.00000006,20070.00001,36.63892315,11561.00001,991,5979.000003,5007.000004,805.0000001,17062.00129,16743.00126,307.0000257,4151.000255,1280.000106,15177.00113,6910.000518,885.0000644,4531.000333,2048.000153,803.0000638,47744.99995,2487.999998,9107.999991,2158.999998,186.9999998,658.9999998,1318,2638.000002,752.0000003,6496.000006,8207.000006,2688.000001,1164,1458.000001,1613.000001,2837.000001,4182.000002,100719.856,7361.000003,4882.000002,875.0000004,824.0000004,15010
Near West Side,62733.00001,11833,26644,12873,6857.000001,2981,1209,336.0000001,42722,30.87222803,25940,5889.999998,17616,11658,1629,38745.00002,35679.00002,3034.000002,15836.00001,2209,32866.00002,11398.00001,1286.000001,9163.000003,10146.00001,873.0000006,241010.0004,9792.999999,13717,4187,510.9999999,3186,4679,4540,1534,15259,13524,6920.000002,2696,3445.999999,3037.999998,4882.999998,7224.999996,83574.72018,13040,9241.999996,3199.000001,2727,31509
New City,39463.09697,12518.13654,9407.741659,7172.154382,5920.720714,2787.951901,1413.391776,242.9999999,23783.26144,30.98723544,4597.857253,24384.74476,9316.033359,801.5065941,362.9550036,18332.08569,15178.64678,3153.43891,11045.80742,302.8023236,14623.11593,7635.491912,2666.550694,3211.909758,1003.834262,105.3293013,103255,3413.445074,5308.272857,2545.059533,1203.89511,6719.217222,11078.70287,3176.391777,1015.723041,1219.036462,574.1900699,4603.684211,3966.68421,1976.736842,1032.947368,615.736842,270.6315787,33227.28322,3478.789473,2781.842105,2271.052632,3934.736841,15582.93429
North Center,35704.99999,9150.999998,9093.999999,10025,4726.999999,1505,815.9999999,386.9999999,25205,34.55326656,27682.99999,4075.000002,591,1777,1578.999999,22208.99998,21468.99998,723.999999,5042.999994,2099.999997,19197.99998,9508.999991,1116,6761.999993,1571.999998,238.9999996,0,1794.999999,7111.999996,4708.999995,643.999999,1373,1859,2728,691.0000001,10898,7655.999998,1153,1429,1638,1889,2820,5331,115756.1728,4091,4644,2506,3018.999999,16163.00001
North Lawndale,33854.00001,10782,8284.000001,5939.000001,5278.000002,2150.000001,1007,414.0000002,19855,30.42362003,1017,2990.000002,29585.00001,56.00000009,206.0000003,13244.00001,10928,2316.000001,11959,431,10319,4783.000002,990.0000002,3921.000002,450.0000005,175,50815.00015,4742.000009,4384.000011,1626.000003,442.0000008,4863.000001,6196.000001,5185.000002,1154,1674,783.0000001,5343,2914,1268,853.9999999,611.9999999,203,26781.20617,3482,2745,2132,2834.999999,14566.00001
North Park,18450.99999,4474.999997,3878.999998,3315.999998,3115.999998,1739.999999,1149,776.0000001,12590.99999,39.23881323,9683.999996,2973.999998,565.9999999,4547.999997,678.9999997,9030.999999,8405.999999,624.9999994,5827.000001,418,7696.999999,4730.999999,882.9999995,1331,628.0000003,124,85704.99974,1229.999999,2707.999999,1995.999998,622.9999994,1641.999999,2311.999999,2109.999999,703.9999998,3659.999998,2162.999999,1610.999998,1442.999999,955,668.9999997,884.9999998,993.9999996,54827.95701,2138.999998,1820.999999,975.0000001,1622,7107.000004
Norwood Park,37311.96762,7753.076424,6584.941711,7571.02202,8293.001295,3568.071244,2100.023316,1441.831606,28063.95466,43.71898828,29761.07124,5071.091967,281.0660621,1346.435233,852.3031097,19844.95569,19058.69644,786.2592521,10906.98485,703.0037376,18057.54784,14617.18691,1217.149532,1839.123737,279.7444856,104.3431774,79254.99984,1827.683014,5102.503545,5987.495455,2119.842265,2085.531088,7391.652849,5474.768135,2166.870466,7211.976685,3733.15544,2330.989843,2253.396164,2504.783296,1889.671558,3104.976298,2948.569979,80649.45088,5088.805871,4617.516932,2150.77991,3175.284425,15940.78388
Oakland,6850.000002,2345.000001,1253,1638,987.0000003,441.0000001,158,27.99999997,4010.000001,33.1517094,155,270,6284.000002,96.99999994,44.00000001,3437.999998,2768.999998,668.9999996,1524.999999,225.9999997,2423.999998,1388.999999,184.9999998,690.9999998,131.9999999,26.99999997,0,1269,1442,259,126,477.0000001,964.0000002,1068,225,668.0000003,608,1379.000001,742.0000002,419,208.0000001,158.0000002,190.0000001,28611.11111,1463.000001,673.0000003,437.0000001,523.0000001,3348
O'Hare,12771.79774,2105.169491,3602.179661,2798.726553,2255.877966,965.9288137,737.838418,306.0768361,10131.56836,37.53981543,9593.117513,1077.361582,255.439548,1367.879096,478,7387.795234,6862.121277,525.6739566,3487.751492,147.8369782,6534.226644,4683.47714,470.2286285,1148.015905,63.50099407,169.0039763,75490.00008,762.3686229,3208.174943,1861.493862,344.8231109,1098.482486,2299.813559,2220.458757,771.821469,2580.707344,1160.284746,1564.917463,1468.753588,1338.373205,960.7966504,549.5155498,293.8289472,50990.30515,2401.425836,2289.355262,852.3624398,633.0418653,6718.79186
Portage Park,64954.39044,15354.43941,13893.83721,14046.40269,13643.65973,4324.608322,2503.626682,1187.816401,45473.32435,38.09396348,31828.95103,26999.08812,913.6695227,3517.681761,1695,36409.88882,34069.15608,2301.732739,16354.63628,1126.960257,32536.26435,22014.02912,3361.813607,5982.465477,868.97122,308.9849248,151640.0032,2702.784734,9160.617792,7704.810397,3041.576274,6529.510404,13031.60465,8580.020806,3540.700121,9018.916766,4772.571602,3852.893239,4573.316727,4243.284699,3462.583631,3375.049823,3102.295375,66309.30835,5782.572955,6698.943062,4108.996443,6018.911035,25133.49533
Pullman,6816.000001,1286.000001,1556,1413,1511,596,322.9999999,131,4924.000001,41.87082405,675.0000003,301.9999998,5691.000001,5.000000005,143,3861.999987,3214.999988,646.9999983,1864.999993,121.9999996,3009.999989,1894.999993,138.9999995,918.9999968,56.99999975,0,0,670.0000008,1574.000002,596.0000008,227.0000003,617.9999999,1194,1469,465.0000001,751.0000002,427,985.0000001,825.0000002,471.0000001,378.0000001,313.0000001,95.00000005,42489.58334,1369,906.0000002,451.0000001,341.0000001,3515.999999
Riverdale,7261.999999,3146,1847,1119,784.9999999,255.9999998,65.99999993,43.00000001,3393.999999,23.01396648,130.9999999,188.9999999,6920,22.00000002,0,2849.000006,1899.000004,950.000002,1817.000004,23.00000004,1834.000004,657.0000015,192.0000004,864.0000019,89.00000019,32.00000003,0,1382.999999,969.999999,151.9999998,54.99999995,615.9999998,995,1395,252.9999999,75,59.99999992,1666,623.0000003,113.0000001,43.00000004,95.00000006,20,13517.69912,781.0000002,677.0000002,458.0000001,644.0000003,3242.000001
Rogers Park,54872.00001,11616,16741,12252.00001,9206.000003,3099,1308,649.9999999,37959.00001,34.21590329,24110,11306.00001,14413,2985,2058.000001,32111,29945,2139,13894.99999,1765,27690,10876,1627.999999,11934,2777,475.0000001,526995.0002,9281,10993,3530,478,4906.000002,7464.000003,6712.000002,1793.000001,10010,7074.000001,7753.999998,6342,3867,2378,2240.999999,1700,40590.6822,11254,7561.999999,2122,3343.999999,27717
Roseland,41106.00001,10713,8014.000001,7145.000002,7957.000001,3797.000001,2617,863,27554.00001,39.11632101,489.9999997,533.0000002,39440.00001,148.9999999,493.9999999,18595.99995,14426.99996,4168.999989,14267.99995,467.9999984,13600.99996,7775.999979,1232.999997,4177.999988,290,123.9999999,127464.9983,3592.999997,6313.999994,3238.999996,1017.999999,4196,6943.000001,8506.000002,2429,3346.000001,2134,4819.999997,3796.999998,2215.999999,1390.999999,1384.999999,554.9999996,39303.54796,4806.999998,3901.999997,2281.999999,3172.999998,17801
South Chicago,29021,8726.000001,5752.000001,5493.000001,4812,2092,1666.000001,480.0000002,17808,35.09938838,648.9999999,5921.000002,22194,110,147.0000001,13062.00001,10624.00001,2438.000003,9082.00001,230.0000002,10137.00001,5358.000006,652.0000009,3859.000004,222.0000002,46.00000006,50335.00005,3677.999998,4035.000001,2265.000001,512.9999999,3340.000001,6304.000001,4157.000001,1311,1841,855.0000003,4100.999999,2822,1652,955.0000002,744,217,32844.96754,3469.999999,2926,1623,2472,14085
South Deering,14696.99997,4211.999993,2787.999994,2696.999996,2431.999996,1452.999997,831.9999977,282.9999995,9669.999981,37.01445087,688.9999984,4584.999992,9365.999982,1.000000001,55.99999999,6532.999996,5058.999996,1474,4991.999997,180.9999998,4718.999997,3246.999997,344.9999997,1017.999999,89.99999992,19.00000001,0,960.9999996,2489.000001,1262,493.9999996,2001.999997,3194.999993,2414.999995,690.999999,762.9999986,603.9999988,2024.999998,1392.999998,808.9999989,425.9999995,375.9999994,176.9999997,35436.68121,1669.999998,1497.999998,902.9999986,1134.999999,5927.000011
South Lawndale,74943,23798,20142,15112,10241,3412,1740,498,44053,29.95221971,3058,62345,9123.999999,112,303.9999999,28104.99999,25413.99999,2690.999998,28038,718.9999998,24397.99999,13241,5157.999998,4204.999999,1707,86.99999999,56045.00011,3893,8000.999998,4348.999999,1703,21074,12403,5191,1878,2776,731,6287.999999,6012,2900,1218,1152,376,33611.69102,3167,3926,2964,7888.999999,20830
South Shore,51543.00001,13305,10958,10118,10172,3951,2124.000001,915.0000004,34620.00001,37.08471531,1419,1215.000001,47967.00001,188,754.0000001,23876.08945,19716.9049,4159.184547,16735.82055,850.2204927,18625.81263,8362.797626,1245.852251,8264.705351,513.0625531,239.3948488,0,10106.41603,9365.844971,2760.031011,845.5969002,3540,8780.000002,10743,3117,4813.000001,3627,10653,5226,3103,1661.999999,1655,779,29889.62472,11771,5333,2798,3176,29377
The Loop,37647.00001,5217.000004,16344.00001,7199.000001,5322.000002,2179.000001,1123.000001,263.0000001,28702.00001,32.48113728,23448.00001,3106.000001,3363.000001,6558.000002,1172,25663.00031,24213.00029,1356.000016,9864.000131,1900.000028,21955.00026,5494.000069,689.0000077,5375.000048,9646.000129,751.0000075,302054.9997,8696.999992,9678.999993,1793.999999,24.99999994,399.9999998,1047,3161.000001,1037,11001,12056,2509.999998,2046.999998,2075.999998,2745.999998,4211.999997,6603.999995,107245.8653,10230.99999,7939.999994,1433.999999,589.9999994,24389.00001
Uptown,58424.00001,7967.000002,19259,13493,10476,3830.000001,2227,1172,46103,36.94515181,31595,8847.000002,10235,5806.000001,1941,37091.99995,35114.99996,1936.999997,14610.99998,2100.999998,32645.99996,11540.99998,1521.999998,16166.99998,2834.999996,580.9999995,497019.9997,11862.00001,13476.00001,3793.000002,611.0000006,4675.000001,7276,6291.000001,2577,15877,9407.000001,8473.999999,6020,4236,3202,3836,3973.999999,51888.77755,15291,9087.999999,3144,2219,32892
Washington Heights,27354,6202,5590,4890,5651.999999,2456,1844,720,18904,41.66354264,268,163,26516,38.00000001,369.0000001,13165,10750,2394.999999,9555.999998,289.0000001,10311,6600,970.9999997,2461,115.9999999,163,37389.99985,1599.000003,4503.000007,2402.000003,981.0000005,1833,5556.000001,5568.999999,1587,2650.999999,1708,2854.000001,1885,1716,1115,1294,620.9999997,50047.55434,2980,2618,1902.000001,1985,10555
Washington Park,11355,3937.000002,2848.000001,1853.000001,1716.000001,526.0000002,242.0000001,233.0000001,6711.000002,30.38156797,123,243,10403,20.99999999,565.0000002,4846,3892,954.0000001,3267.000001,176.9999999,3613,1715,180.9999999,1402,244.9999999,70.00000001,0,2065.000001,1968.000001,457.0000003,48.00000005,1090,2225.000001,1850.000001,356.0000001,861.0000002,329.0000001,2152.999999,1209,614.9999999,224,300.9999999,36.00000002,27457.62712,1947,996.9999998,664.9999998,928.9999998,5782
West Elsdon,19362.91849,6227.707754,4345.381711,3957.043739,2782.021869,1380.948311,421.8151095,248.0000001,11645.36183,31.67958831,2864.24851,15772.26442,291.1590462,414.0874757,21.15904576,9357.952876,8288.075541,1069.877334,5128.250198,108.4142972,7891.283503,5155.774975,749.1088539,1618.778228,332.4874084,35.13403744,110274.9999,471.9620262,1700.95781,1966.447261,1057.641352,3074.161034,4282.415508,2023.419484,820.7157058,1080.934394,363.7157059,861.2455358,1472.946429,1147.098215,549.0401786,862.4553574,304.2276788,55379.52371,931.4062501,1012.258929,861.9241075,2391.424108,5520.899798
West Englewood,28236.99999,7591.999997,5117.999999,4968.999998,5214.999999,2975.999999,1758.999999,607.9999999,18915.99999,39.50287724,308,2189.999999,25327.99999,3.999999996,406.9999998,11624,8143.999998,3479.999999,10499,278.0000002,7661.999998,4443.999999,607.9999996,2282.999999,237.9999998,88.99999984,13975.00003,3573.999999,3726.999999,1718,502,3995.999999,8156.999997,3872.999999,1147,1130,612.9999998,4393.999999,2576,1288,487.9999996,495.0000001,280,27759.78916,3347.999999,2294,1569,2310,12920
West Garfield Park,16950.0006,5794.008291,3399.847248,2983.179397,2890.226762,864.4310245,742.2368266,276.0710481,9862.092365,30.89478911,357.9999998,447.4594435,15887.54115,54.99999995,202.0000001,5909.571941,4849.956191,1059.61575,6301.917708,147.0473652,4556.908825,2517.710482,190.0899943,1662.885733,66.07578449,120.1468326,18990.00006,2378.712305,1923.294628,737.0121319,294.0277296,2740.458852,3578.155714,2358.05151,634.0852579,377.3126111,174.0284193,2705.668978,1223.235702,758.0831889,380.0294627,170.0207972,96.00866557,24590.55263,1706.440209,1214.259965,993.1178508,1419.22877,7349.973973
West Lawn,32176,10518,6839.999999,7047.999999,4408.999999,2042,986.9999999,331.9999999,19535,32.34087102,4424.999999,26608,829.9999993,224,88.99999993,15739.99998,13714.99998,2024.999998,8247.999991,212.9999994,12872.99999,8839.999991,1833.999996,1797.999999,361.9999996,38.99999989,0,852.0000005,3672.00001,3060.000005,1644.000005,5782.999999,7382.999999,3158.999999,944,1730,535.9999997,1740.000001,2776.000001,1937.000002,1002.000001,1275.000001,498.0000004,51081.67771,1926.000001,1971.000001,1501.000001,3830.000002,9893.000002
West Pullman,27480.06008,7460.256039,5849.675373,4604.24167,5318.21293,2568.537557,1288.136512,390.9999998,17662.55976,36.71416039,184.9999995,1569.999999,25318.06008,18.99999985,387.9999996,13132.8821,10056.2197,3076.6624,8468.950109,318.0000007,9430.167563,6344.532768,845.1134665,1926.36493,113.1563983,201.0000002,36714.99996,1679.611373,3750.484436,2541.873064,983.6697848,2527.323317,5788.083603,5211.536249,1221.560418,1752.804702,1161.251469,2973.728781,2158.74354,1542.051659,916.8487077,904.3874533,459.1107007,41079.19301,2591.928042,2587.503688,1499.63653,2275.802581,11271.19321
West Ridge,77212.00002,21420.00001,16735.00001,14840,14012,5913.000001,2929.000001,1363,51236.00002,35.42141656,32200,14178.00001,10320,16987.00001,3527.000002,38311.00002,35352.00002,2959.000001,21402.00001,1271.000001,33368.00001,19146,3565.000002,7017.000007,2949.000001,691.0000006,149605.0001,3830.999999,12664,6896.999999,2209.999999,9135.000003,11390,7661.000002,2912.000001,12599,7539.000002,5685.000002,6672.000002,4739,2532,3384.999999,2588.999999,52038.56748,6679.000001,7585,3882,7456.000001,28272
West Town,84255,13212,38188,19224,8688,2995,1480,468.0000003,65772,31.98278667,52801,19108,5910,4043.999999,2392,60441.00751,58312.72594,2123.281572,12414.84285,4371.586531,53030.75493,22773.60619,3361.212349,19935.39196,5714.468664,1246.075772,448495.0002,7759.819951,19439.83658,8696.556793,1663.033242,4686.000001,6082.000002,7199,2378,28476,16951,5077.000001,4439.000001,5357,4563.000001,7086.000001,11072,96499.0138,12952,15134,5411,4097,41075.00001
Woodlawn,22925,7132.000001,5331,3834,4057,1601,699.0000001,270.9999999,13390,31.42933619,1852,748.9999999,19012,847,465.0000002,9623.910549,7908.095097,1715.815453,8401.179445,407.7795071,7276.18737,3284.202375,478.1477491,2492.294648,916.9374465,104.6051513,16264.99998,3840.583983,3878.155043,1292.968993,201.4031009,1947,3087.999999,3694,1009,1911,1741,4433.000002,2005.000001,1048.000001,690.0000003,635.0000004,402.0000002,26415.17129,4260.000002,2244.000001,1205.000001,1504.000001,11829